T_celsius,T_kelvin,1_over_T,time_to_OIT_50
30,303.15,0.003298697014679202,2.4882210528917446
40,313.15,0.003193357815743254,1.8328077484912275
50,323.15,0.0030945381401825778,1.3423146662722443
60,333.15,0.0030016509079994,1.0480552235335687
